Full Name,Short Name,Sail Number,Boat Class,Handicap (YS/PY),Seed Order
Rose Jackson Liew,Rose,1111,Ilca 6,,5
Werner Hennig,Werner,1111,Ilca 6,,1
Helen Spencer,Helen,1111,Ilca 6,,4
Rick Spencer,Rick,1111,Ilca 6,,5
Carly Trelemer,Carly,2222,Ilca 6,,6
David Hawkins,Dave,2222,Ilca 6,,10
Scott McDougal,Scott,2222,Ilca 6,,2
Reuben Feist,Reuben,2222,Ilca 6,,6
Bruno Feist,Bruno,2223,Ilca 6,,6
Bridget Gordon,Bridget,2223,Ilca 6,,4
Jake Miller,Jake,3333,Ilca 7,,3
Aiden Lee,Aiden,5555,Ilca 7,,3
Graham Hunter,Graham,2224,Ilca 6,,4
Benjie Dawson,Benjie,2225,Ilca 6,,10
Scott Dawson,Scotty,1000,Optimist,,1
Scott Dawson,Scotty,2000,Optimist,,1
Duncan Carter,Duncan,2000,Optimist,,2
Scott Dawson,Scotty,101,P,,1
Gabrielle Marais,Gabrielle,2057,Starling,,2
Eoghan Harris,Eoghan,1056,Starling,,1
Zoe Moran,Zoe,1056,Starling,,3
Seren Dark,Seren,1057,Starling,,3
John Barnard,John,51,Zephur,,2
Ray Oxborrow,Ray,10,Zephur,,1
